{"cameraMode":{"drawMode":0,"name":"Shaded","section":"Shading Mode"},"sceneLighting":true,"audioPlay":false,"sceneViewState":{"showFog":true,"showMaterialUpdate":false,"showSkybox":true,"showFlares":true,"showImageEffects":true,"showParticleSystems":true},"in2DMode":false,"pivot":{"x":1.6795998811721802,"y":4.71875,"z":-9.813339233398438},"rotation":{"x":0.24875769019126893,"y":-0.002905696863308549,"z":0.0007462839712388814,"w":0.968562126159668},"size":35.97389221191406,"orthographic":true}