{"cameraMode":{"drawMode":0,"name":"Shaded","section":"Shading Mode"},"sceneLighting":true,"audioPlay":false,"sceneViewState":{"showFog":true,"showMaterialUpdate":false,"showSkybox":true,"showFlares":true,"showImageEffects":true,"showParticleSystems":true},"in2DMode":false,"pivot":{"x":0.0890815258026123,"y":0.1904565542936325,"z":-3.294394016265869},"rotation":{"x":0.3351570665836334,"y":0.233932763338089,"z":-0.08629412204027176,"w":0.9085705876350403},"size":3.0132410526275636,"orthographic":true}