{"cameraMode":{"drawMode":0,"name":"Shaded","section":"Shading Mode"},"sceneLighting":true,"audioPlay":false,"sceneViewState":{"showFog":true,"showMaterialUpdate":false,"showSkybox":true,"showFlares":true,"showImageEffects":true,"showParticleSystems":true},"in2DMode":false,"pivot":{"x":-0.7039000988006592,"y":0.23101742565631867,"z":-6.45703125},"rotation":{"x":0.027306459844112397,"y":0.9609668254852295,"z":-0.10273151844739914,"w":0.25542813539505007},"size":16.95252799987793,"orthographic":true}