{"cameraMode":{"drawMode":0,"name":"Shaded","section":"Shading Mode"},"sceneLighting":true,"audioPlay":false,"sceneViewState":{"showFog":true,"showMaterialUpdate":false,"showSkybox":true,"showFlares":true,"showImageEffects":true,"showParticleSystems":true},"in2DMode":false,"pivot":{"x":16.599727630615236,"y":9.178641319274903,"z":-16.024072647094728},"rotation":{"x":0.3012194037437439,"y":0.012872484512627125,"z":-0.0040667057037353519,"w":0.9534591436386108},"size":53.3521842956543,"orthographic":true}