{"cameraMode":{"drawMode":0,"name":"Shaded","section":"Shading Mode"},"sceneLighting":true,"audioPlay":false,"sceneViewState":{"showFog":true,"showMaterialUpdate":false,"showSkybox":true,"showFlares":true,"showImageEffects":true,"showParticleSystems":true},"in2DMode":false,"pivot":{"x":0.12999999523162843,"y":0.6700000762939453,"z":-7.823999404907227},"rotation":{"x":0.15436197817325593,"y":0.47357437014579775,"z":-0.08470916002988816,"w":0.8629745841026306},"size":5.978899002075195,"orthographic":true}